fecha,categoria,cantidad_forecast,ci_lower,ci_upper
2024-12-12,Lácteos,2.1807254518073695,0.35974059309279166,6.440400361045035
2024-12-13,Lácteos,2.130028380243925,0.3323865836389141,6.353029354570178
2024-12-14,Lácteos,2.131583103732159,0.3293932366252742,6.376908852399299
2024-12-15,Lácteos,2.097870766827637,0.31153100586113075,6.317252314339409
2024-12-16,Lácteos,2.0932445876337917,0.3087117193802575,6.311130432496444
2024-12-17,Lácteos,2.0913643423681965,0.307219089030418,6.3105828835117155
2024-12-18,Lácteos,2.089529639517173,0.30583269977150135,6.30966026132242
2024-12-19,Lácteos,2.089099074975889,0.3051166521483213,6.311632319846014
2024-12-20,Lácteos,2.088896362679816,0.30451241940985885,6.314058952150816
2024-12-21,Lácteos,2.088779830977001,0.3039529588854661,6.316644959650201
2024-12-22,Lácteos,2.0887424464834585,0.30343179831218625,6.319393245632332
2024-12-23,Lácteos,2.0887251443776855,0.3029208922620772,6.32218131904203
2024-12-24,Lácteos,2.0887169282286817,0.3024148972264532,6.324987055233026
2024-12-25,Lácteos,2.088713838663248,0.30191179088930215,6.327803038509409
2024-12-26,Lácteos,2.0887124521864204,0.30140993341842176,6.330622248465779
2024-12-27,Lácteos,2.088711838695219,0.30090886995342253,6.333442828195625
2024-12-28,Lácteos,2.088711590347249,0.3004083986067009,6.336263975661062
2024-12-29,Lácteos,2.0887114813345,0.299908409883803,6.3390852327667755
2024-12-30,Lácteos,2.0887114342699515,0.2994088654108911,6.341906445415251
2024-12-31,Lácteos,2.0887114145921117,0.298909747681554,6.344727545281693
2025-01-01,Lácteos,2.088711406065639,0.2984110482161239,6.347548500197293
2025-01-02,Lácteos,2.088711402412856,0.29791276333726663,6.350369298214657
2025-01-03,Lácteos,2.0887114008647227,0.2974148910776286,6.353189934414664
2025-01-04,Lácteos,2.0887114001985045,0.2969174302256356,6.3560104069666385
2025-01-05,Lácteos,2.08871139991367,0.29642037992043174,6.358830715498466
2025-01-06,Lácteos,2.088711399792283,0.2959237394399368,6.361650860204007
2025-01-07,Lácteos,2.0887113997402236,0.2954275081236465,6.364470841524403
2025-01-08,Lácteos,2.088711399717972,0.29493168533890224,6.367290660009576
2025-01-09,Lácteos,2.0887113997084694,0.2944362704653514,6.370110316253237
2025-01-10,Lácteos,2.0887113997044002,0.2939412628887714,6.372929810867308
2025-01-11,Lácteos,2.088711399702661,0.2934466619983777,6.37574914447082
2025-01-12,Lácteos,2.0887113997019178,0.29295246718564083,6.378568317684964
2025-01-13,Lácteos,2.0887113997015994,0.29245867784379265,6.381387331131092
2025-01-14,Lácteos,2.0887113997014635,0.2919652933676119,6.384206185429822
2025-01-15,Lácteos,2.0887113997014053,0.2914723131533273,6.387024881200673
2025-01-16,Lácteos,2.0887113997013804,0.2909797365985775,6.389843419061899
2025-01-17,Lácteos,2.0887113997013698,0.2904875631023871,6.392661799630439
2025-01-18,Lácteos,2.088711399701365,0.2899957920651574,6.395480023521886
2025-01-19,Lácteos,2.0887113997013627,0.28950442288865885,6.398298091350469
2025-01-20,Lácteos,2.088711399701362,0.28901345497602515,6.401116003729059
2025-01-21,Lácteos,2.0887113997013613,0.2885228877317476,6.403933761269178
2025-01-22,Lácteos,2.0887113997013613,0.2880327205616727,6.406751364580997
2025-01-23,Lácteos,2.0887113997013613,0.2875429528729958,6.409568814273326
2025-01-24,Lácteos,2.0887113997013613,0.2870535840742583,6.412386110953645
2025-01-25,Lácteos,2.0887113997013613,0.2865646135753425,6.415203255228086
2025-01-26,Lácteos,2.0887113997013613,0.28607604078746823,6.418020247701439
2025-01-27,Lácteos,2.0887113997013613,0.2855878651231881,6.4208370889771755
2025-01-28,Lácteos,2.0887113997013613,0.2851000859963837,6.423653779657429
2025-01-29,Lácteos,2.0887113997013613,0.284612702822261,6.426470320343015
2025-01-30,Lácteos,2.0887113997013613,0.28412571501734724,6.429286711633419
2025-01-31,Lácteos,2.0887113997013613,0.28363912199948593,6.432102954126827
2025-02-01,Lácteos,2.0887113997013613,0.28315292318783275,6.434919048420093
2025-02-02,Lácteos,2.0887113997013613,0.28266711800285277,6.437734995108782
2025-02-03,Lácteos,2.0887113997013613,0.2821817058663147,6.440550794787143
2025-02-04,Lácteos,2.0887113997013613,0.28169668620128807,6.44336644804813
2025-02-05,Lácteos,2.0887113997013613,0.2812120584321387,6.446181955483407
2025-02-06,Lácteos,2.0887113997013613,0.2807278219845251,6.4489973176833315
2025-02-07,Lácteos,2.0887113997013613,0.28024397628539416,6.4518125352369875
2025-02-08,Lácteos,2.0887113997013613,0.2797605207629771,6.454627608732167
2025-02-09,Lácteos,2.0887113997013613,0.2792774548467862,6.457442538755385
2025-02-10,Lácteos,2.0887113997013613,0.2787947779676101,6.460257325891881
2025-02-11,Lácteos,2.0887113997013613,0.2783124895575103,6.46307197072562
2025-02-12,Lácteos,2.0887113997013613,0.27783058904981767,6.465886473839305
2025-02-13,Lácteos,2.0887113997013613,0.277349075879127,6.468700835814365
2025-02-14,Lácteos,2.0887113997013613,0.2768679494812955,6.471515057230977
2025-02-15,Lácteos,2.0887113997013613,0.27638720929343713,6.47432913866806
2025-02-16,Lácteos,2.0887113997013613,0.27590685475391924,6.477143080703272
2025-02-17,Lácteos,2.0887113997013613,0.27542688530235904,6.479956883913035
2025-02-18,Lácteos,2.0887113997013613,0.27494730037961973,6.482770548872519
2025-02-19,Lácteos,2.0887113997013613,0.27446809942780626,6.485584076155651
2025-02-20,Lácteos,2.0887113997013613,0.27398928189026267,6.488397466335122
2025-02-21,Lácteos,2.0887113997013613,0.27351084721156654,6.491210719982389
2025-02-22,Lácteos,2.0887113997013613,0.27303279483752724,6.494023837667685
2025-02-23,Lácteos,2.0887113997013613,0.2725551242151805,6.496836819960007
2025-02-24,Lácteos,2.0887113997013613,0.2720778347927862,6.499649667427132
2025-02-25,Lácteos,2.0887113997013613,0.2716009260198232,6.502462380635621
2025-02-26,Lácteos,2.0887113997013613,0.27112439734698685,6.505274960150821
2025-02-27,Lácteos,2.0887113997013613,0.27064824822618466,6.5080874065368635
2025-02-28,Lácteos,2.0887113997013613,0.270172478110533,6.510899720356672
2025-03-01,Lácteos,2.0887113997013613,0.2696970864543532,6.513711902171965
2025-03-02,Lácteos,2.0887113997013613,0.2692220727131678,6.51652395254327
2025-03-03,Lácteos,2.0887113997013613,0.2687474363436975,6.519335872029904
2025-03-04,Lácteos,2.0887113997013613,0.2682731768038572,6.5221476611899964
2025-03-05,Lácteos,2.0887113997013613,0.2677992935527524,6.524959320580489
2025-03-06,Lácteos,2.0887113997013613,0.26732578605067536,6.527770850757132
2025-03-07,Lácteos,2.0887113997013613,0.266852653759102,6.530582252274499
2025-03-08,Lácteos,2.0887113997013613,0.2663798961406884,6.533393525685978
2025-03-09,Lácteos,2.0887113997013613,0.26590751265926715,6.536204671543786
2025-03-10,Lácteos,2.0887113997013613,0.26543550277984324,6.539015690398968
2025-03-11,Lácteos,2.0887113997013613,0.26496386596859156,6.541826582801394
2024-12-12,Descartables,9.548490077869655,4.240963553232665,20.230951483011555
2024-12-13,Descartables,9.256099649320818,4.047808443570624,19.838266981144198
2024-12-14,Descartables,9.200697455191936,3.982931013632057,19.882133083458868
2024-12-15,Descartables,9.176964704821412,3.9567766562078592,19.894750315907235
2024-12-16,Descartables,9.171129425373058,3.941413511445396,19.935684404487194
2024-12-17,Descartables,9.169043426913875,3.9291261338102963,19.979265170177957
2024-12-18,Descartables,9.168466832846807,3.917855809514494,20.024959196783232
2024-12-19,Descartables,9.168277062776399,3.906924229681435,20.071011816315973
2024-12-20,Descartables,9.168221654947562,3.8961371168913814,20.117205085504196
2024-12-21,Descartables,9.168204102420297,3.8854321014946365,20.163404284514648
2024-12-22,Descartables,9.168198844123944,3.874790331466448,20.209582505785594
2024-12-23,Descartables,9.168197207665422,3.864205556323519,20.2557288660558
2024-12-24,Descartables,9.168196711485617,3.853675526165482,20.301841008137853
2024-12-25,Descartables,9.168196558339,3.843199187955115,20.347918439148707
2024-12-26,Descartables,9.168196511642178,3.832775866136357,20.3939613926335
2024-12-27,Descartables,9.168196497284637,3.822405004392717,20.439970287276125
2024-12-28,Descartables,9.168196492895257,3.8120860882951746,20.485945600519624
2024-12-29,Descartables,9.168196491548112,3.8018186212204697,20.531887821379712
2024-12-30,Descartables,9.168196491135758,3.79160211696494,20.577797437787975
2024-12-31,Descartables,9.168196491009308,3.7814360973732866,20.623674932427353
2025-01-01,Descartables,9.168196490970582,3.7713200915204865,20.66952078162466
2025-01-02,Descartables,9.16819649095871,3.761253635366746,20.71533545508777
2025-01-03,Descartables,9.168196490955076,3.7512362715601695,20.76111941591995
2025-01-04,Descartables,9.16819649095396,3.741267549286694,20.80687312071292
2025-01-05,Descartables,9.168196490953617,3.7313470241367224,20.852597019662984
2025-01-06,Descartables,9.168196490953514,3.7214742579790165,20.89829155669175
2025-01-07,Descartables,9.168196490953482,3.7116488188389107,20.9439571695663
2025-01-08,Descartables,9.168196490953473,3.7018702807798913,20.98959429001708
2025-01-09,Descartables,9.168196490953468,3.6921382237881666,21.035203343853198
2025-01-10,Descartables,9.168196490953468,3.682452233660076,21.08078475107499
2025-01-11,Descartables,9.168196490953468,3.672811901892227,21.126338925983813
2025-01-12,Descartables,9.168196490953468,3.6632168255742794,21.171866277289297
2025-01-13,Descartables,9.168196490953468,3.6536666072842863,21.217367208214007
2025-01-14,Descartables,9.168196490953468,3.644160854986522,21.262842116595564
2025-01-15,Descartables,9.168196490953468,3.634699181931726,21.30829139498649
2025-01-16,Descartables,9.168196490953468,3.6252812065596958,21.353715430751507
2025-01-17,Descartables,9.168196490953468,3.6159065524041587,21.39911460616277
2025-01-18,Descartables,9.168196490953468,3.6065748479998563,21.444489298492698
2025-01-19,Descartables,9.168196490953468,3.5972857267917826,21.489839880104803
2025-01-20,Descartables,9.168196490953468,3.5880388270465104,21.53516671854231
2025-01-21,Descartables,9.168196490953468,3.578833791765562,21.58047017661482
2025-01-22,Descartables,9.168196490953468,3.569670268600743,21.625750612482953
2025-01-23,Descartables,9.168196490953468,3.5605479097714063,21.671008379741128
2025-01-24,Descartables,9.168196490953468,3.5514663719835813,21.71624382749837
2025-01-25,Descartables,9.168196490953468,3.54242531635093,21.761457300457405
2025-01-26,Descartables,9.168196490953468,3.5334244083174626,21.806649138991926
2025-01-27,Descartables,9.168196490953468,3.524463317581972,21.851819679222142
2025-01-28,Descartables,9.168196490953468,3.515541718024153,21.896969253088713
2025-01-29,Descartables,9.168196490953468,3.506659287632341,21.942098188424954
2025-01-30,Descartables,9.168196490953468,3.4978157084328467,21.987206809027505
2025-01-31,Descartables,9.168196490953468,3.4890106664208194,22.032295434725533
2025-02-01,Descartables,9.168196490953468,3.4802438514926273,22.077364381448238
2025-02-02,Descartables,9.168196490953468,3.4715149573796955,22.122413961291144
2025-02-03,Descartables,9.168196490953468,3.462823681583764,22.167444482580738
2025-02-04,Descartables,9.168196490953468,3.4541697253135446,22.21245624993787
2025-02-05,Descartables,9.168196490953468,3.4455527934227126,22.257449564339748
2025-02-06,Descartables,9.168196490953468,3.436972594349238,22.302424723180593
2025-02-07,Descartables,9.168196490953468,3.4284288400559744,22.34738202033107
2025-02-08,Descartables,9.168196490953468,3.419921245972515,22.392321746196412
2025-02-09,Descartables,9.168196490953468,3.4114495309382598,22.4372441877734
2025-02-10,Descartables,9.168196490953468,3.4030134171466777,22.482149628706008
2025-02-11,Descartables,9.168196490953468,3.3946126300907036,22.52703834934012
2025-02-12,Descartables,9.168196490953468,3.386246898509297,22.571910626776873
2025-02-13,Descartables,9.168196490953468,3.377915954335071,22.616766734925115
2025-02-14,Descartables,9.168196490953468,3.369619532643007,22.661606944552588
2025-02-15,Descartables,9.168196490953468,3.3613573716002136,22.706431523336292
2025-02-16,Descartables,9.168196490953468,3.3531292124167047,22.7512407359116
2025-02-17,Descartables,9.168196490953468,3.3449347992971736,22.796034843920534
2025-02-18,Descartables,9.168196490953468,3.3367738793937303,22.84081410605904
2025-02-19,Descartables,9.168196490953468,3.3286462027595967,22.88557877812325
2025-02-20,Descartables,9.168196490953468,3.3205515223037203,22.93032911305491
2025-02-21,Descartables,9.168196490953468,3.3124895937462835,22.97506536098584
2025-02-22,Descartables,9.168196490953468,3.3044601755751026,23.019787769281567
2025-02-23,Descartables,9.168196490953468,3.2964630290028802,23.064496582584024
2025-02-24,Descartables,9.168196490953468,3.2884979179252927,23.109192042853536
2025-02-25,Descartables,9.168196490953468,3.2805646088799056,23.153874389409825
2025-02-26,Descartables,9.168196490953468,3.272662871005875,23.198543858972357
2025-02-27,Descartables,9.168196490953468,3.2647924760044384,23.243200685699865
2025-02-28,Descartables,9.168196490953468,3.2569531981001694,23.28784510122902
2025-03-01,Descartables,9.168196490953468,3.249144814002962,23.332477334712543
2025-03-02,Descartables,9.168196490953468,3.241367102870756,23.377097612856417
2025-03-03,Descartables,9.168196490953468,3.2336198462729646,23.42170615995647
2025-03-04,Descartables,9.168196490953468,3.225902828154604,23.46630319793426
2025-03-05,Descartables,9.168196490953468,3.218215834801086,23.510888946372276
2025-03-06,Descartables,9.168196490953468,3.210558654803684,23.555463622548455
2025-03-07,Descartables,9.168196490953468,3.2029310790256433,23.600027441470115
2025-03-08,Descartables,9.168196490953468,3.195332900568922,23.64458061590716
2025-03-09,Descartables,9.168196490953468,3.1877639147415486,23.689123356424776
2025-03-10,Descartables,9.168196490953468,3.1802239190255897,23.733655871415404
2025-03-11,Descartables,9.168196490953468,3.1727127130456996,23.77817836713028
2024-12-12,Carnes,1.5350877357454777,0.33528996728541655,3.812939500318616
2024-12-13,Carnes,1.5357655759367685,0.33175610254731325,3.8282917899206623
2024-12-14,Carnes,1.5364052007136637,0.32865265403658955,3.842011433659586
2024-12-15,Carnes,1.5370087557146466,0.3259261417049677,3.854277492633483
2024-12-16,Carnes,1.537578267086722,0.32353016701615384,3.865248728034665
2024-12-17,Carnes,1.538115648032111,0.32142436893599885,3.8750660228648117
2024-12-18,Carnes,1.5386227050082337,0.31957355704025026,3.883854487686393
2024-12-19,Carnes,1.5391011435979896,0.31794698689644346,3.8917252981490282
2024-12-20,Carnes,1.5395525740666782,0.31651775069762267,3.8987773032541275
2024-12-21,Carnes,1.5399785166212285,0.3152622619906245,3.9050984365149857
2024-12-22,Carnes,1.5403804063867366,0.31415981778533936,3.910766956814525
2024-12-23,Carnes,1.5407595981146724,0.3131922247306791,3.915852541493515
2024-12-24,Carnes,1.5411173706364774,0.3123434786668902,3.9204172507565636
2024-12-25,Carnes,1.5414549310756596,0.31159948890655437,3.9245163796712657
2024-12-26,Carnes,1.5417734188308954,0.31094784019963295,3.9281992117180407
2024-12-27,Carnes,1.5420739093420601,0.31037758660555387,3.9315096859198944
2024-12-28,Carnes,1.542357417650555,0.3098790725050524,3.9344869879642017
2024-12-29,Carnes,1.5426249017647553,0.3094437767943551,3.93716607436253
2024-12-30,Carnes,1.5428772658408691,0.30906417695822225,3.939578137532899
2024-12-31,Carnes,1.5431153631890173,0.3087336302497155,3.9417510186958182
2025-01-01,Carnes,1.5433399991138375,0.3084462696389733,3.9437095746218045
2025-01-02,Carnes,1.5435519335984642,0.308196912550507,3.9454760035314678
2025-01-03,Carnes,1.5437518838402964,0.30798098070393704,3.9470701348108514
2025-01-04,Carnes,1.5439405266465247,0.3077944296186955,3.9485096866496727
2025-01-05,Carnes,1.544118500696999,0.30763368654843803,3.9498104952261706
2025-01-06,Carnes,1.5442864086816148,0.307495595783246,3.9509867186391148
2025-01-07,Carnes,1.5444448193190392,0.3073773704030685,3.952051018416727
2025-01-08,Carnes,1.54459426926323,0.30727654968901236,3.9530147211067144
2025-01-09,Carnes,1.544735264903876,0.3071909615038805,3.9538879621653313
2025-01-10,Carnes,1.5448682840665544,0.3071186890428301,3.9546798141110804
2025-01-11,Carnes,1.5449937776181062,0.30705804143172966,3.955398400686237
2025-01-12,Carnes,1.5451121709824278,0.3070075277167424,3.9560509985729215
2025-01-13,Carnes,1.5452238655716122,0.3069658338455708,3.9566441280367473
2025-01-14,Carnes,1.5453292401370975,0.30693180229002176,3.9571836337174107
2025-01-15,Carnes,1.5454286520452443,0.3069044140022571,3.9576747566495554
2025-01-16,Carnes,1.545522438481512,0.30688277243422935,3.9581221984766524
2025-01-17,Carnes,1.545610917587192,0.3068660893821691,3.95853017871375
2025-01-18,Carnes,1.5456943895324273,0.30685367244625883,3.958902485820098
2025-01-19,Carnes,1.545773137529065,0.3068449139203592,3.959242522758548
2025-01-20,Carnes,1.5458474287866761,0.3068392809483309,3.9595533476438156
2025-01-21,Carnes,1.5459175154149039,0.30683630680252566,3.959837710015381
2025-01-22,Carnes,1.5459836352751322,0.30683558315674797,3.960098083211812
2025-01-23,Carnes,1.546046012784299,0.30683675324070636,3.9603366932708557
2025-01-24,Carnes,1.5461048596735179,0.3068395057759508,3.96055554473306
2025-01-25,Carnes,1.546160375704038,0.30684356960473236,3.9607564436852654
2025-01-26,Carnes,1.546212749342923,0.30684870893331767,3.960941018343428
2025-01-27,Carnes,1.5462621584006966,0.306854719120222,3.961110737441458
2025-01-28,Carnes,1.5463087706330945,0.30686142294771296,3.961266926663601
2025-01-29,Carnes,1.5463527443089213,0.30686866732191204,3.9614107833319387
2025-01-30,Carnes,1.5463942287459163,0.3068763203530104,3.961543389537452
2025-01-31,Carnes,1.5464333648164228,0.30688426877258196,3.9616657238825956
2025-02-01,Carnes,1.5464702854245531,0.3068924156498303,3.9617786719849386
2025-02-02,Carnes,1.5465051159564482,0.30690067837290064,3.9618830358752586
2025-02-03,Carnes,1.5465379747051458,0.30690898686520407,3.961979542408825
2025-02-04,Carnes,1.5465689732714814,0.3069172820100815,3.9620688507958244
2025-02-05,Carnes,1.546598216942368,0.30692551426013176,3.9621515593452816
2025-02-06,Carnes,1.5466258050477304,0.30693364241019394,3.9622282115066447
2025-02-07,Carnes,1.546651831297293,0.3069416325153318,3.962299301284042
2025-02-08,Carnes,1.546676384098351,0.3069494569372741,3.9623652780901093
2025-02-09,Carnes,1.5466995468556046,0.306957093504612,3.9624265510990586
2025-02-10,Carnes,1.5467213982540544,0.3069645247737274,3.962483493152165
2025-02-11,Carnes,1.546742012525924,0.3069717373788737,3.962536444263155
2025-02-12,Carnes,1.5467614597025006,0.3069787214611517,3.962585714765823
2025-02-13,Carnes,1.5467798058517488,0.3069854701672686,3.9626315881416634
2025-02-14,Carnes,1.5467971133025,0.30699197921000454,3.9626743235612167
2025-02-15,Carnes,1.546813440855967,0.30699824648321644,3.9627141581692253
2025-02-16,Carnes,1.546828843985311,0.3070042717250321,3.9627513091404447
2025-02-17,Carnes,1.5468433750239257,0.30701005622358946,3.9627859755301165
2025-02-18,Carnes,1.5468570833430753,0.30701560256033655,3.9628183399404806
2025-02-19,Carnes,1.5468700155194939,0.30702091438645573,3.962848570022458
2025-02-20,Carnes,1.546882215493508,0.30702599622849686,3.962876819829619
2025-02-21,Carnes,1.5468937247182164,0.3070308533197377,3.962903231039644
2025-02-22,Carnes,1.5469045823002334,0.3070354914541988,3.962927934056972
2025-02-23,Carnes,1.5469148251324776,0.307039916860585,3.9629510490087876
2025-02-24,Carnes,1.546924488019446,0.30704413609374304,3.9629726866452746
2025-02-25,Carnes,1.5469336037954022,0.307048155941499,3.9629929491538762
2025-02-26,Carnes,1.5469422034358842,0.30705198334499295,3.963011930896272
2025-02-27,Carnes,1.5469503161628975,0.3070556253308363,3.963029719075905
2025-02-28,Carnes,1.5469579695441649,0.30705908895362233,3.96304639434301
2025-03-01,Carnes,1.5469651895867544,0.3070623812474842,3.9630620313434095
2025-03-02,Carnes,1.5469720008254169,0.30706550918555175,3.9630766992167024
2025-03-03,Carnes,1.5469784264059165,0.30706847964629275,3.9630904620488128
2025-03-04,Carnes,1.5469844881636576,0.3070712993858446,3.963103379283446
2025-03-05,Carnes,1.5469902066978523,0.3070739750155447,3.963115506096446
2025-03-06,Carnes,1.5469956014414983,0.30707651298396954,3.9631268937367103
2025-03-07,Carnes,1.5470006907273914,0.30707891956286865,3.9631375898368493
2025-03-08,Carnes,1.5470054918504075,0.3070812008364559,3.963147638696573
2025-03-09,Carnes,1.5470100211262565,0.3070833626935883,3.9631570815413575
2025-03-10,Carnes,1.5470142939469107,0.30708541082241686,3.963165956758777
2025-03-11,Carnes,1.5470183248328988,0.30708735070714394,3.9631743001146083
2024-12-12,Bebidas,2.0169864985239183,0.277467036740909,6.1251995319560555
2024-12-13,Bebidas,2.130894237708323,0.30707854117225775,6.499548358374682
2024-12-14,Bebidas,2.186052288947397,0.31993883234337445,6.6904542386144765
2024-12-15,Bebidas,2.236711939401085,0.33192918991850123,6.865511363485142
2024-12-16,Bebidas,2.2856984502729802,0.34388222674442925,7.033303879819329
2024-12-17,Bebidas,2.333169294728723,0.35579874717874166,7.194444470789648
2024-12-18,Bebidas,2.3791479721557383,0.3676422740870931,7.349143072040697
2024-12-19,Bebidas,2.4236537072232753,0.37937952865138325,7.497592188020706
2024-12-20,Bebidas,2.466707803445359,0.390981856021062,7.639985448010741
2024-12-21,Bebidas,2.5083336929624642,0.4024247400425873,7.776517519793522
2024-12-22,Bebidas,2.5485566802729163,0.41368730552614036,7.90738317015799
2024-12-23,Bebidas,2.587403686958139,0.4247518889954528,8.03277638205112
2024-12-24,Bebidas,2.624903012897617,0.4356036689699215,8.1528895731664
2024-12-25,Bebidas,2.6610841144288773,0.4462303451459783,8.267912914363972
2024-12-26,Bebidas,2.6959773990391316,0.456621857981321,8.378033742497388
2024-12-27,Bebidas,2.729614036051058,0.4667701419822385,8.483436061161315
2024-12-28,Bebidas,2.7620257826965933,0.4766689073757765,8.584300122378318
2024-12-29,Bebidas,2.7932448249222923,0.48631344591148645,8.680802082077534
2024-12-30,Bebidas,2.8233036322339133,0.4957004573603919,8.773113722282485
2024-12-31,Bebidas,2.852234825864421,0.5048278939196926,8.86140223314775
2025-01-01,Bebidas,2.8800710595368364,0.5136948202337444,8.945830048312201
2025-01-02,Bebidas,2.9068449120896775,0.5223012871373649,9.02655472743071
2025-01-03,Bebidas,2.9325887912367135,0.5306482175408302,9.103728880178243
2025-01-04,Bebidas,2.9573348477431467,0.5387373031255784,9.177500126468438
2025-01-05,Bebidas,2.9811148993158993,0.5465709107196821,9.248011088078549
2025-01-06,Bebidas,3.0039603635255183,0.5541519973834905,9.315399407312634
2025-01-07,Bebidas,3.025902199100334,0.5614840333667446,9.379797788757902
2025-01-08,Bebidas,3.046970854959185,0.5685709322054839,9.441334060590354
2025-01-09,Bebidas,3.0671962263765407,0.5754169873151431,9.500131252261614
2025-01-10,Bebidas,3.0866076177026747,0.5820268145093712,9.556307685748525
2025-01-11,Bebidas,3.105233711091139,0.5884052999352911,9.609977077869033
2025-01-12,Bebidas,3.1231025407156903,0.5945575529676133,9.661248651463044
2025-01-13,Bebidas,3.140241471988804,0.6004888636480841,9.710227253505664
2025-01-14,Bebidas,3.156677185323529,0.6062046642946539,9.757013478463875
2025-01-15,Bebidas,3.1724356640095355,0.6117104949377066,9.801703795427334
2025-01-16,Bebidas,3.187542185802606,0.6170119722695808,9.844390677741393
2025-01-17,Bebidas,3.20202131785428,0.6221147618191871,9.885162734047048
2025-01-18,Bebidas,3.2158969146348637,0.6270245530863436,9.924104839790049
2025-01-19,Bebidas,3.229192118528398,0.6317470373909886,9.96129826840125
2025-01-20,Bebidas,3.2419293628024164,0.6362878882110352,9.996820821474294
2025-01-21,Bebidas,3.254130376678396,0.6406527437995895,10.030746957375976
2025-01-22,Bebidas,3.2658161922505915,0.644847191887806,10.063147917821023
2025-01-23,Bebidas,3.277007153021617,0.6488767562939783,10.094091852027205
2025-01-24,Bebidas,3.287722923842505,0.6527468852726985,10.123643938140669
2025-01-25,Bebidas,3.297982502063241,0.6564629414502028,10.15186650168541
2025-01-26,Bebidas,3.3078042297167833,0.6600301932034274,10.178819130846811
2025-01-27,Bebidas,3.3172058065755605,0.6634538073509448,10.204558788447052
2025-01-28,Bebidas,3.326204303934258,0.6667388430338383,10.229139920512022
2025-01-29,Bebidas,3.3348161789865163,0.6698902466738561,10.252614561364782
2025-01-30,Bebidas,3.3430572896759827,0.6729128479047941,10.27503243521096
2025-01-31,Bebidas,3.3509429099139982,0.6758113563811563,10.296441054207286
2025-02-01,Bebidas,3.358487745067171,0.6785903593756459,10.316885813026149
2025-02-02,Bebidas,3.3657059476281894,0.681254320084099,10.336410079947196
2025-02-03,Bebidas,3.372611132992521,0.6838075765630174,10.35505528452204
2025-02-04,Bebidas,3.3792163952722065,0.6862543412309854,10.372861001870616
2025-02-05,Bebidas,3.3855343230857837,0.6885987008709475,10.389865033677637
2025-02-06,Bebidas,3.391577015270565,0.690844617075645,10.406103485965621
2025-02-07,Bebidas,3.3973560964700296,0.6929959270834192,10.4216108437273
2025-02-08,Bebidas,3.4028827325551134,0.6950563449561971,10.436420042504803
2025-02-09,Bebidas,3.408167645843582,0.6970294630557126,10.450562537006586
2025-02-10,Bebidas,3.4132211300866535,0.6989187537779631,10.46406836685538
2025-02-11,Bebidas,3.4180530651965366,0.7007275715095613,10.476966219561744
2025-02-12,Bebidas,3.422672931692577,0.7024591547729939,10.489283490818517
2025-02-13,Bebidas,3.42708982484742,0.7041166285309488,10.501046342211442
2025-02-14,Bebidas,3.431312468517903,0.7057030066227197,10.512279756440384
2025-02-15,Bebidas,3.435349228648323,0.7072211943083633,10.523007590144758
2025-02-16,Bebidas,3.4392081264364878,0.7086739908987254,10.53325262442517
2025-02-17,Bebidas,3.4428968511552567,0.7100640924516777,10.543036613151436
2025-02-18,Bebidas,3.4464227726244827,0.7113940945169861,10.552380329145372
2025-02-19,Bebidas,3.449792953330123,0.712666494914102,10.561303608324232
2025-02-20,Bebidas,3.45301416018901,0.7138836965288988,10.569825391888532
2025-02-21,Bebidas,3.456092875959218,0.7150480101169601,10.577963766635511
2025-02-22,Bebidas,3.459035310297317,0.7161616571024629,10.585736003476727
2025-02-23,Bebidas,3.4618474104649293,0.7172267723630121,10.593158594236108
2025-02-24,Bebidas,3.4645348716880013,0.7182454069919837,10.600247286801675
2025-02-25,Bebidas,3.467103147173094,0.7192195310310157,10.607017118701963
2025-02-26,Bebidas,3.4695574577857142,0.7201510361662857,10.613482449175319
2025-02-27,Bebidas,3.471902801396374,0.7210417383830858,10.619656989797777
2025-02-28,Bebidas,3.4741439619005767,0.7218933805740393,10.62555383373265
2025-03-01,Bebidas,3.4762855179194103,0.7227076350970212,10.631185483662506
2025-03-02,Bebidas,3.4783318511877566,0.723486106279499,10.63656387846178
2025-03-03,Bebidas,3.480287154637482,0.7242303328666182,10.641700418665824
2025-03-04,Bebidas,3.4821554401831376,0.7249417904108704,10.646605990790016
2025-03-05,Bebidas,3.4839405462179496,0.7256218936016696,10.651290990550212
2025-03-06,Bebidas,3.4856461448279514,0.7262719985335875,10.655765345033707
2025-03-07,Bebidas,3.487275748732218,0.7268934049123694,10.660038533867738
2025-03-08,Bebidas,3.4888327179571945,0.7274873581981953,10.664119609430568
2025-03-09,Bebidas,3.49032026625314,0.7280550516859496,10.668017216148279
2025-03-10,Bebidas,3.4917414672606295,0.728597628522518,10.67173960891839
2025-03-11,Bebidas,3.493099260435085,0.7291161836613691,10.675294670699769
2024-12-12,Enlatados,2.942066653232404,0.6612831455961761,8.354148652937912
2024-12-13,Enlatados,2.9356721320124257,0.6477052696515908,8.40065885325141
2024-12-14,Enlatados,2.929873397722271,0.6364280921241772,8.437570154444192
2024-12-15,Enlatados,2.9246141925067985,0.6270242851002794,8.46672812512843
2024-12-16,Enlatados,2.9198437013702025,0.6191541229077293,8.489630681715692
2024-12-17,Enlatados,2.91551600292573,0.6125453538322758,8.507494181625432
2024-12-18,Enlatados,2.911589579440926,0.6069783181675863,8.521306457599136
2024-12-19,Enlatados,2.9080268791353316,0.6022747642828536,8.531869582231101
2024-12-20,Enlatados,2.9047939246256833,0.5982893240020917,8.539834474783548
2024-12-21,Enlatados,2.90185996221165,0.5949029347327628,8.545728980216136
2024-12-22,Enlatados,2.8991971473761855,0.5920177095371584,8.549980696211419
2024-12-23,Enlatados,2.8967802624575247,0.5895528994875083,8.552935557397516
2024-12-24,Enlatados,2.8945864629503784,0.587441690416207,8.55487298145706
2024-12-25,Enlatados,2.8925950493249224,0.5856286441750627,8.556018222609751
2024-12-26,Enlatados,2.890787261624436,0.5840676426201583,8.55655245263346
2024-12-27,Enlatados,2.8891460944248593,0.5827202271041894,8.556620990087614
2024-12-28,Enlatados,2.887656130019572,0.5815542514624659,8.556340018878858
2024-12-29,Enlatados,2.8863033879365414,0.5805427851096607,8.555802073424507
2024-12-30,Enlatados,2.885075189107879,0.5796632168115252,8.555080516141759
2024-12-31,Enlatados,2.8839600331982225,0.5788965202590892,8.554233191295992
2025-01-01,Enlatados,2.8829474877618084,0.5782266506591254,8.553305405417474
2025-01-02,Enlatados,2.882028088041931,0.5776400478050971,8.55233235699926
2025-01-03,Enlatados,2.8811932463531593,0.5771252259665811,8.551341115798351
2025-01-04,Enlatados,2.880435170098616,0.5766724347653434,8.550352233803931
2025-01-05,Enlatados,2.8797467875736604,0.5762733782372755,8.54938105503061
2025-01-06,Enlatados,2.879121680795124,0.5759209816927446,8.548438779114239
2025-01-07,Enlatados,2.8785540246732326,0.5756091979198183,8.54753332372617
2025-01-08,Enlatados,2.878038531912757,0.5753328458286391,8.546670022670229
2025-01-09,Enlatados,2.87757040309174,0.575087475890008,8.545852189851965
2025-01-10,Enlatados,2.8771452814213525,0.5748692577382208,8.54508157384234
2025-01-11,Enlatados,2.8767592117397314,0.5746748861349267,8.544358723278116
2025-01-12,Enlatados,2.876408603336778,0.5745015021646864,8.543683279669349
2025-01-13,Enlatados,2.8760901962464227,0.5743466270835149,8.543054211174452
2025-01-14,Enlatados,2.875801030678332,0.5742081066924636,8.542469998435775
2025-01-15,Enlatados,2.8755384192928397,0.5740840644780241,8.541928781545415
2025-01-16,Enlatados,2.8752999220515187,0.5739728620648294,8.541428475552676
2025-01-17,Enlatados,2.8750833234015123,0.5738730657759807,8.540966860565025
2025-01-18,Enlatados,2.874886611574931,0.5737834183021044,8.540541651380146
2025-01-19,Enlatados,2.8747079598054777,0.5737028146499514,8.540150550673982
2025-01-20,Enlatados,2.874545709283263,0.5736302816814423,8.539791289021672
2025-01-21,Enlatados,2.8743983536857773,0.5735649606698321,8.539461654416366
2025-01-22,Enlatados,2.8742645251382637,0.5735060923954391,8.539159513449572
2025-01-23,Enlatados,2.8741429814706,0.573453004382662,8.53888282590723
2025-01-24,Enlatados,2.8740325946502816,0.573405099945729,8.538629654200603
2025-01-25,Enlatados,2.8739323402824075,0.5733618487651313,8.53839816877764
2025-01-26,Enlatados,2.8738412880777715,0.5733227787619464,8.538186650437257
2025-01-27,Enlatados,2.873758593199436,0.5732874690748819,8.53799349028709
2025-01-28,Enlatados,2.873683488406497,0.5732555439761517,8.537817187937133
2025-01-29,Enlatados,2.8736152769213494,0.5732266675883688,8.537656348401324
2025-01-30,Enlatados,2.8735533259536115,0.5732005392863602,8.53750967808124
2025-01-31,Enlatados,2.8734970608200703,0.573176889685945,8.537375980127054
2025-02-01,Enlatados,2.8734459596056583,0.5731554771368708,8.537254149406639
2025-02-02,Enlatados,2.873399548315555,0.5731360846497835,8.53714316726211
2025-02-03,Enlatados,2.873357396473141,0.5731185171977267,8.537042096191575
2025-02-04,Enlatados,2.8733191131227116,0.5731025993415808,8.536950074560313
2025-02-05,Enlatados,2.8732843431996757,0.5730881731363371,8.536866311419095
2025-02-06,Enlatados,2.873252764234392,0.5730750962814084,8.53679008148612
2025-02-07,Enlatados,2.8732240833589375,0.5730632404834837,8.536720720332154
2025-02-08,Enlatados,2.8731980345889205,0.5730524900049194,8.536657619795358
2025-02-09,Enlatados,2.8731743763550432,0.5730427403744616,8.536600223641848
2025-02-10,Enlatados,2.8731528892614335,0.5730338972402904,8.536548023480165
2025-02-11,Enlatados,2.8731333740498957,0.5730258753481303,8.536500554931546
2025-02-12,Enlatados,2.873115649751149,0.5730185976294695,8.536457394053528
2025-02-13,Enlatados,2.873099552005857,0.5730119943869256,8.536418154010645
2025-02-14,Enlatados,2.87308493153985,0.573006002565486,8.536382481983914
2025-02-15,Enlatados,2.873071652779368,0.5730005650997845,8.5363500563088
2025-02-16,Enlatados,2.8730595925934512,0.5729956303288466,8.536320583830333
2025-02-17,Enlatados,2.873048639151811,0.5729911514707724,8.536293797463498
2025-02-18,Enlatados,2.8730386908875545,0.5729870861507711,8.536269453946543
2025-02-19,Enlatados,2.873029655555147,0.5729833959767543,8.53624733177495
2025-02-20,Enlatados,2.8730214493748565,0.5729800461573706,8.536227229303957
2025-02-21,Enlatados,2.873013996255737,0.5729770051579823,8.536208963007876
2025-02-22,Enlatados,2.8730072270899436,0.5729742443905916,8.536192365884776
2025-02-23,Enlatados,2.873001079111826,0.5729717379341881,8.536177285995816
2025-02-24,Enlatados,2.8729954953158483,0.5729694622823742,8.53616358512883
2025-02-25,Enlatados,2.872990423927947,0.5729673961154951,8.536151137576535
2025-02-26,Enlatados,2.8729858179254,0.5729655200947716,8.536139829020234
2025-02-27,Enlatados,2.872981634600774,0.5729638166762439,8.536129555510472
2025-02-28,Enlatados,2.8729778351658903,0.5729622699425316,8.53612022253674
2025-03-01,Enlatados,2.8729743843921436,0.5729608654506568,8.536111744178829
2025-03-02,Enlatados,2.8729712502838236,0.5729595900943381,8.536104042332981
2025-03-03,Enlatados,2.872968403781431,0.5729584319793444,8.536097046006528
2025-03-04,Enlatados,2.8729658184922147,0.5729573803106356,8.53609069067518
2025-03-05,Enlatados,2.872963470445439,0.5729564252901429,8.536084917697545
2025-03-06,Enlatados,2.8729613378701178,0.5729555580241694,8.536079673781991
2025-03-07,Enlatados,2.872959400993139,0.5729547704394802,8.53607491050122
2025-03-08,Enlatados,2.872957641855925,0.5729540552072547,8.536070583850467
2025-03-09,Enlatados,2.872956044147909,0.5729534056741512,8.536066653845394
2025-03-10,Enlatados,2.8729545930553027,0.5729528157998036,8.536063084156268
2025-03-11,Enlatados,2.8729532751237357,0.5729522801001488,8.536059841775142
2024-12-12,Embutidos,1.5992926795105538,0.4493521159073466,3.661615600241805
2024-12-13,Embutidos,1.4257530780403185,0.34302735250265004,3.3813538009163286
2024-12-14,Embutidos,1.3691400479262184,0.30560740690983174,3.2990140351397983
2024-12-15,Embutidos,1.3456509521103301,0.2919681294044813,3.2586796561864286
2024-12-16,Embutidos,1.3370293458273994,0.2869238679019136,3.2440009852041394
2024-12-17,Embutidos,1.3335792237771948,0.2849016382207343,3.2381391942073874
2024-12-18,Embutidos,1.3322657238949676,0.28409178582500183,3.2360394069187013
2024-12-19,Embutidos,1.3317490806329495,0.28373553128269435,3.235337920108795
2024-12-20,Embutidos,1.3315498391650715,0.2835588261367396,3.235197126782526
2024-12-21,Embutidos,1.3314720328289633,0.2834509442082307,3.235270435845896
2024-12-22,Embutidos,1.3314418824183738,0.2833700250918398,3.2354279317888466
2024-12-23,Embutidos,1.331430142090956,0.2832995356875967,3.235617917946069
2024-12-24,Embutidos,1.3314255842611153,0.28323311767335985,3.235820584807313
2024-12-25,Embutidos,1.3314238114818067,0.2831682840441881,3.236028162738764
2024-12-26,Embutidos,1.331423122763535,0.2831040721317489,3.2362376485376423
2024-12-27,Embutidos,1.3314228550029177,0.2830401068550809,3.236447870794345
2024-12-28,Embutidos,1.331422750950178,0.2829762426657684,3.2366583751809355
2024-12-29,Embutidos,1.3314227105033898,0.282912422939598,3.236868984865141
2024-12-30,Embutidos,1.3314226947839365,0.28284862568150465,3.2370796311731667
2024-12-31,Embutidos,1.3314226886739688,0.2827848423384341,3.237290287399353
2025-01-01,Embutidos,1.3314226862992595,0.2827210695856258,3.237500943168234
2025-01-02,Embutidos,1.3314226853762618,0.2826573061293263,3.2377115944475134
2025-01-03,Embutidos,1.3314226850175221,0.2825935514653729,3.237922239671466
2025-01-04,Embutidos,1.3314226848780892,0.28252980539642275,3.2381328782328502
2025-01-05,Embutidos,1.3314226848238961,0.28246606784439304,3.2383435098970423
2025-01-06,Embutidos,1.3314226848028325,0.282402338777549,3.2385541345742332
2025-01-07,Embutidos,1.3314226847946458,0.2823386181821701,3.23876475223091
2025-01-08,Embutidos,1.3314226847914639,0.28227490605153793,3.2389753628554345
2025-01-09,Embutidos,1.331422684790227,0.28221120238165615,3.2391859664446754
2025-01-10,Embutidos,1.3314226847897461,0.2821475071695862,3.239396562998804
2025-01-11,Embutidos,1.3314226847895596,0.282083820412802,3.2396071525192784
2025-01-12,Embutidos,1.3314226847894868,0.28202014210893805,3.2398177350080513
2025-01-13,Embutidos,1.3314226847894584,0.2819564722556919,3.240028310467273
2025-01-14,Embutidos,1.3314226847894477,0.2818928108507862,3.240238878899164
2025-01-15,Embutidos,1.3314226847894433,0.28182915789195406,3.2404494403059756
2025-01-16,Embutidos,1.331422684789442,0.28176551337693295,3.2406599946899677
2025-01-17,Embutidos,1.3314226847894415,0.2817018773034626,3.2408705420534085
2025-01-18,Embutidos,1.331422684789441,0.2816382496692845,3.2410810823985603
2025-01-19,Embutidos,1.331422684789441,0.2815746304721412,3.2412916157276905
2025-01-20,Embutidos,1.331422684789441,0.28151101970977666,3.2415021420430605
2025-01-21,Embutidos,1.331422684789441,0.2814474173799354,3.241712661346938
2025-01-22,Embutidos,1.331422684789441,0.28138382348036295,3.241923173641582
2025-01-23,Embutidos,1.331422684789441,0.28132023800880596,3.242133678929256
2025-01-24,Embutidos,1.331422684789441,0.2812566609630119,3.24234417721222
2025-01-25,Embutidos,1.331422684789441,0.2811930923407291,3.242554668492736
2025-01-26,Embutidos,1.331422684789441,0.28112953213970737,3.242765152773061
2025-01-27,Embutidos,1.331422684789441,0.28106598035769703,3.2429756300554526
2025-01-28,Embutidos,1.331422684789441,0.2810024369924491,3.243186100342169
2025-01-29,Embutidos,1.331422684789441,0.280938902041716,3.243396563635467
2025-01-30,Embutidos,1.331422684789441,0.2808753755032512,3.2436070199376
2025-01-31,Embutidos,1.331422684789441,0.2808118573748089,3.2438174692508213
2025-02-01,Embutidos,1.331422684789441,0.280748347654144,3.244027911577386
2025-02-02,Embutidos,1.331422684789441,0.2806848463390127,3.2442383469195475
2025-02-03,Embutidos,1.331422684789441,0.2806213534271721,3.2444487752795546
2025-02-04,Embutidos,1.331422684789441,0.28055786891637996,3.2446591966596587
2025-02-05,Embutidos,1.331422684789441,0.2804943928043956,3.244869611062109
2025-02-06,Embutidos,1.331422684789441,0.2804309250889787,3.245080018489153
2025-02-07,Embutidos,1.331422684789441,0.28036746576789023,3.245290418943041
2025-02-08,Embutidos,1.331422684789441,0.2803040148388918,3.245500812426016
2025-02-09,Embutidos,1.331422684789441,0.2802405722997462,3.2457111989403273
2025-02-10,Embutidos,1.331422684789441,0.2801771381482171,3.2459215784882165
2025-02-11,Embutidos,1.331422684789441,0.28011371238206917,3.2461319510719298
2025-02-12,Embutidos,1.331422684789441,0.28005029499906786,3.246342316693707
2025-02-13,Embutidos,1.331422684789441,0.27998688599697996,3.246552675355793
2025-02-14,Embutidos,1.331422684789441,0.27992348537357264,3.2467630270604264
2025-02-15,Embutidos,1.331422684789441,0.2798600931266143,3.24697337180985
2025-02-16,Embutidos,1.331422684789441,0.2797967092538745,3.2471837096062988
2025-02-17,Embutidos,1.331422684789441,0.2797333337531233,3.247394040452015
2025-02-18,Embutidos,1.331422684789441,0.27966996662213195,3.2476043643492343
2025-02-19,Embutidos,1.331422684789441,0.27960660785867286,3.2478146813001905
2025-02-20,Embutidos,1.331422684789441,0.2795432574605188,3.248024991307121
2025-02-21,Embutidos,1.331422684789441,0.27947991542544387,3.24823529437226
2025-02-22,Embutidos,1.331422684789441,0.2794165817512231,3.248445590497842
2025-02-23,Embutidos,1.331422684789441,0.2793532564356326,3.2486558796860976
2025-02-24,Embutidos,1.331422684789441,0.2792899394764488,3.248866161939258
2025-02-25,Embutidos,1.331422684789441,0.27922663087144983,3.249076437259556
2025-02-26,Embutidos,1.331422684789441,0.27916333061841436,3.2492867056492196
2025-02-27,Embutidos,1.331422684789441,0.27910003871512207,3.2494969671104776
2025-02-28,Embutidos,1.331422684789441,0.2790367551593534,3.249707221645558
2025-03-01,Embutidos,1.331422684789441,0.2789734799488899,3.2499174692566877
2025-03-02,Embutidos,1.331422684789441,0.2789102130815142,3.250127709946093
2025-03-03,Embutidos,1.331422684789441,0.27884695455500963,3.250337943715998
2025-03-04,Embutidos,1.331422684789441,0.2787837043671605,3.250548170568627
2025-03-05,Embutidos,1.331422684789441,0.27872046251575217,3.250758390506202
2025-03-06,Embutidos,1.331422684789441,0.2786572289985706,3.250968603530948
2025-03-07,Embutidos,1.331422684789441,0.2785940038134032,3.2511788096450838
2025-03-08,Embutidos,1.331422684789441,0.27853078695803773,3.251389008850831
2025-03-09,Embutidos,1.331422684789441,0.2784675784302636,3.251599201150409
2025-03-10,Embutidos,1.331422684789441,0.2784043782278703,3.251809386546035
2025-03-11,Embutidos,1.331422684789441,0.27834118634864885,3.2520195650399266
2024-12-12,Congelados,2.423189400090853,0.5404720261617135,6.606905850859142
2024-12-13,Congelados,2.41465755822552,0.5182905560760145,6.679614546296967
2024-12-14,Congelados,2.369032171985803,0.47463635259034637,6.697069013616342
2024-12-15,Congelados,2.335734671295546,0.4460467592333108,6.694858915338788
2024-12-16,Congelados,2.3084864653216575,0.4250681128621574,6.681094392907364
2024-12-17,Congelados,2.286442162513311,0.4095834364306463,6.662336125979714
2024-12-18,Congelados,2.2685573249705957,0.3979747598380195,6.642102914545331
2024-12-19,Congelados,2.2540332945582504,0.38916492064747765,6.622372638922025
2024-12-20,Congelados,2.2422275591350123,0.38240671912985175,6.6041583129972965
2024-12-21,Congelados,2.2326242477952367,0.37717355900254956,6.587903107145244
2024-12-22,Congelados,2.2248077420835735,0.3730881538780453,6.573719825657899
2024-12-23,Congelados,2.2184424345797313,0.36987622050084684,6.561538443901402
2024-12-24,Congelados,2.213256802675318,0.3673356626741326,6.551195775692933
2024-12-25,Congelados,2.2090308244234946,0.3653157176597145,6.5424890367128485
2024-12-26,Congelados,2.2055859788296073,0.36370262739790704,6.53520691477751
2024-12-27,Congelados,2.2027772636986147,0.36240965539715214,6.529146729274
2024-12-28,Congelados,2.200486799485128,0.3613700396025061,6.524123093431198
2024-12-29,Congelados,2.198618687569618,0.36053195466441174,6.519971488647026
2024-12-30,Congelados,2.1970948658967653,0.3598548662375965,6.516548887179221
2024-12-31,Congelados,2.195851761109089,0.35930686100439924,6.513732750114481
2025-01-01,Congelados,2.194837579140238,0.35886266858252297,6.511419213343998
2025-01-02,Congelados,2.1940101091913173,0.35850217973504356,6.509520948730479
2025-01-03,Congelados,2.193334941594935,0.35820932469921485,6.5079649828419575
2025-01-04,Congelados,2.192784020078565,0.3579712158056709,6.506690628063956
2025-01-05,Congelados,2.192334464690699,0.3577774862299834,6.505647602648403
2025-01-06,Congelados,2.1919676141270283,0.35761977586772076,6.50479436933933
2025-01-07,Congelados,2.1916682461208015,0.35749132870274036,6.504096695063677
2025-01-08,Congelados,2.1914239424950694,0.3573866754778506,6.503526419356671
2025-01-09,Congelados,2.1912245718376897,0.35730138220535596,6.50306041194309
2025-01-10,Congelados,2.191061867878971,0.357231849901778,6.502679697185234
2025-01-11,Congelados,2.190929085780253,0.35717515446003145,6.502368723018248
2025-01-12,Congelados,2.1908207218782985,0.35712891816982045,6.502114753326576
2025-01-13,Congelados,2.1907322851315976,0.3570912063293346,6.501907364736448
2025-01-14,Congelados,2.19066011070476,0.3570604438438724,6.501738031068673
2025-01-15,Congelados,2.1906012079048516,0.35703534780977003,6.501599780959372
2025-01-16,Congelados,2.190553136128011,0.3570148729270316,6.501486916277638
2025-01-17,Congelados,2.190513903649162,0.35699816723714806,6.501394780881579
2025-01-18,Congelados,2.1904818850434475,0.35698453619128134,6.501319570936899
2025-01-19,Congelados,2.1904557538060963,0.35697341345298444,6.501258179475085
2025-01-20,Congelados,2.190434427371219,0.356964337154478,6.501208069108413
2025-01-21,Congelados,2.190417022246448,0.35695693057530997,6.501167167866113
2025-01-22,Congelados,2.1904028174012327,0.35695088641132905,6.50113378399481
2025-01-23,Congelados,2.190391224389748,0.356945953961217,6.501106536299112
2025-01-24,Congelados,2.1903817629691447,0.35694192868573854,6.501084297206805
2025-01-25,Congelados,2.1903740412020896,0.35693864369784695,6.5010661462469335
2025-01-26,Congelados,2.1903677392186474,0.3569359628249061,6.501051332044687
2025-01-27,Congelados,2.190362595964381,0.3569337749514823,6.50103924127949
2025-01-28,Congelados,2.1903583983854102,0.3569319894056015,6.501029373334267
2025-01-29,Congelados,2.19035497260223,0.35693053219551274,6.5010213195948845
2025-01-30,Congelados,2.1903521767065337,0.3569293429398459,6.501014746548478
2025-01-31,Congelados,2.1903498948825733,0.35692837236318375,6.501009381984533
2025-02-01,Congelados,2.1903480326094713,0.3569275802527608,6.501005003729946
2025-02-02,Congelados,2.1903465127457227,0.35692693379128815,6.5010014304531
2025-02-03,Congelados,2.1903452723336496,0.3569264061966035,6.500998514157404
2025-02-04,Congelados,2.190344259991434,0.3569259756116338,6.500996134053981
2025-02-05,Congelados,2.1903434337846845,0.3569256241985857,6.500994191560394
2025-02-06,Congelados,2.190342759489353,0.356925337399766,6.500992606218465
2025-02-07,Congelados,2.1903422091740548,0.35692510333437044,6.500991312362419
2025-02-08,Congelados,2.1903417600430526,0.35692491230622053,6.500990256399424
2025-02-09,Congelados,2.19034139349198,0.35692475640203425,6.500989394590052
2025-02-10,Congelados,2.1903410943371866,0.35692462916357864,6.500988691236731
2025-02-11,Congelados,2.190340850186784,0.356924525320115,6.500988117205232
2025-02-12,Congelados,2.1903406509273324,0.35692444057004236,6.500987648717977
2025-02-13,Congelados,2.190340488304911,0.3569243714026974,6.500987266369167
2025-02-14,Congelados,2.190340355583216,0.356924314952922,6.500986954321012
2025-02-15,Congelados,2.190340247264522,0.3569242688823712,6.500986699647704
2025-02-16,Congelados,2.190340158861946,0.3569242312826473,6.500986491800022
2025-02-17,Congelados,2.1903400867135927,0.3569242005962467,6.500986322168369
2025-02-18,Congelados,2.190340027830863,0.3569241755520392,6.50098618372614
2025-02-19,Congelados,2.1903399797746608,0.35692415511261466,6.500986070738685
2025-02-20,Congelados,2.190339940554357,0.356924138431308,6.50098597852575
2025-02-21,Congelados,2.190339908545331,0.3569241248171284,6.500985903267617
2025-02-22,Congelados,2.1903398824216733,0.35692411370613436,6.500985841846879
2025-02-23,Congelados,2.1903398611012665,0.35692410463807456,6.500985791719314
2025-02-24,Congelados,2.1903398437009556,0.3569240972373228,6.500985750808492
2025-02-25,Congelados,2.1903398294999694,0.35692409119731805,6.500985717419775
2025-02-26,Congelados,2.19033981791006,0.3569240862678641,6.500985690170106
2025-02-27,Congelados,2.19033980845114,0.3569240822447693,6.5009856679307205
2025-02-28,Congelados,2.190339800731393,0.35692407896138434,6.500985649780396
2025-03-01,Congelados,2.1903397944310443,0.3569240762817026,6.5009856349672965
2025-03-02,Congelados,2.190339789289115,0.3569240740947229,6.500985622877821
2025-03-03,Congelados,2.1903397850926116,0.3569240723098543,6.500985613011189
2025-03-04,Congelados,2.190339781667702,0.3569240708531622,6.500985604958695
2025-03-05,Congelados,2.190339778872516,0.3569240696643059,6.5009855983867775
2025-03-06,Congelados,2.19033977659127,0.35692406869403986,6.500985593023213
2025-03-07,Congelados,2.1903397747294675,0.35692406790217296,6.500985588645825
2025-03-08,Congelados,2.190339773209987,0.35692406725590337,6.50098558507329
2025-03-09,Congelados,2.1903397719698865,0.35692406672846033,6.500985582157623
2025-03-10,Congelados,2.1903397709577987,0.3569240662979964,6.500985579778046
2025-03-11,Congelados,2.190339770131799,0.35692406594667997,6.500985577835991
